{"cameraMode":{"drawMode":0,"name":"Shaded","section":"Shading Mode"},"sceneLighting":false,"audioPlay":false,"sceneViewState":{"showFog":false,"showMaterialUpdate":false,"showSkybox":false,"showFlares":false,"showImageEffects":false,"showParticleSystems":false},"in2DMode":false,"pivot":{"x":-0.15871098637580872,"y":0.6919326782226563,"z":-0.4437485933303833},"rotation":{"x":0.006678817793726921,"y":0.9907922148704529,"z":-0.12431096285581589,"w":0.05322632938623428},"size":2.038450002670288,"orthographic":false}