{"cameraMode":{"drawMode":0,"name":"Shaded","section":"Shading Mode"},"sceneLighting":false,"audioPlay":false,"sceneViewState":{"showFog":false,"showMaterialUpdate":false,"showSkybox":false,"showFlares":false,"showImageEffects":false,"showParticleSystems":false},"in2DMode":false,"pivot":{"x":-6.7466630935668949,"y":-15.31750774383545,"z":-26.664142608642579},"rotation":{"x":-0.0395909920334816,"y":0.946289598941803,"z":-0.294611394405365,"w":-0.12717193365097047},"size":44.408180236816409,"orthographic":false}